group,split,fire_x,fire_z,camera_x,camera_z
0,train,27.430,34.336,32.919,34.045
1,train,29.319,37.684,36.960,37.100
2,train,30.215,44.587,26.941,42.290
3,train,28.047,34.651,31.260,41.678
4,train,30.683,43.938,36.519,41.079
5,train,29.801,39.394,31.407,43.014
6,train,30.963,48.029,28.208,51.931
7,train,32.564,35.727,31.271,40.475
8,train,33.156,41.933,28.034,39.135
9,train,28.470,41.895,34.103,42.364
10,train,28.802,41.388,28.663,47.076
11,train,29.579,48.692,31.742,51.007
12,train,28.325,43.983,27.485,39.744
13,train,31.621,42.364,30.354,45.881
14,train,28.474,35.986,27.987,38.615
15,train,33.085,33.515,38.289,34.635
16,train,32.905,41.508,34.947,43.946
17,train,30.971,45.626,27.329,45.970
18,train,32.049,36.639,29.475,32.935
19,train,28.777,34.147,35.213,38.086
20,train,29.493,36.215,31.688,34.434
21,train,33.648,35.846,31.125,42.154
22,train,32.063,48.340,29.563,48.268
23,train,29.086,33.682,22.561,32.834
24,train,26.758,34.647,29.362,27.452
25,train,30.462,45.393,36.743,41.363
26,train,33.587,36.314,27.660,33.037
27,train,30.827,46.110,28.775,50.133
28,train,33.800,35.265,37.473,32.749
29,train,29.552,33.266,26.567,34.364
30,train,34.985,33.549,34.924,28.844
31,train,32.377,34.354,32.590,30.052
32,train,32.337,43.109,34.491,44.753
33,train,28.561,42.802,32.306,40.830
34,train,31.976,36.240,32.367,29.482
35,train,31.610,41.202,31.414,37.198
36,train,34.189,43.366,35.325,38.977
37,train,26.520,34.988,32.044,37.230
38,train,34.710,34.984,33.502,37.818
39,train,32.949,41.955,31.411,39.866
40,train,29.885,46.857,31.968,48.944
41,train,30.677,39.111,37.431,40.580
42,train,34.139,44.465,40.239,45.028
43,train,33.624,34.256,39.081,32.053
44,train,32.636,38.735,33.304,31.696
45,train,32.946,34.573,37.045,41.032
46,train,35.272,36.013,31.138,41.102
47,train,31.397,41.807,27.778,41.991
48,train,29.556,46.891,32.319,43.012
49,train,32.806,35.536,29.265,39.962
50,val,26.374,35.516,26.628,32.388
51,val,29.998,47.083,29.352,39.745
52,val,31.012,45.388,36.442,45.467
53,val,30.259,45.788,34.426,46.271
54,val,32.362,47.680,34.154,52.355
55,val,32.063,45.902,28.831,48.241
56,val,29.322,48.218,26.599,48.157
57,val,27.127,35.387,22.463,35.857
58,val,27.374,35.916,28.163,43.462
59,val,32.164,43.490,28.969,43.603
60,val,29.702,47.158,33.436,52.008
61,val,29.329,43.385,28.227,39.200
62,test,30.019,36.232,33.827,37.099
63,test,31.020,48.105,35.216,49.646
64,test,32.722,46.409,35.417,52.739
65,test,32.417,44.330,29.385,45.964
66,test,32.311,35.753,27.050,38.924
67,test,28.109,44.104,31.734,41.000
68,test,31.314,38.633,34.077,41.972
69,test,35.171,36.368,29.344,38.351
70,test,29.291,44.222,21.998,44.228
71,test,32.369,41.422,30.120,39.044
72,test,30.775,36.733,37.060,37.845
73,test,34.351,44.201,39.797,48.652
74,test,35.017,33.602,34.566,38.241
