epoch,time,train/box_loss,train/cls_loss,train/l1_loss,metrics/precision(B),metrics/recall(B),metrics/mAP50(B),metrics/mAP50-95(B),val/box_loss,val/cls_loss,val/l1_loss,lr/pg0,lr/pg1,lr/pg2
1,53.7263,0.86442,24.1532,0.00253,0.00293,1,0.00355,0.00268,0.58954,21.6248,0.00217,0.000327684,0.000327684,0.001
2,118.59,0.91039,20.872,0.00244,0.96353,0.83333,0.9648,0.66772,0.58218,20.235,0.00219,0.000627966,0.000627966,0.000966949
3,231.024,0.98985,19.3408,0.00281,0.99547,1,0.995,0.72475,0.76386,19.4418,0.00295,0.000894915,0.000894915,0.000900565
4,345.408,1.1128,18.3104,0.00277,1,0.98722,0.995,0.63861,0.93743,18.6073,0.0037,0.00085,0.00085,0.00085
5,455.776,1.00993,17.0447,0.0028,0.98192,1,0.995,0.80017,0.96748,17.6815,0.00382,0.0008,0.0008,0.0008
6,569.332,0.88277,15.1489,0.00259,0.99024,1,0.995,0.70626,0.65886,16.397,0.00249,0.00075,0.00075,0.00075
7,699.114,0.90225,15.2834,0.00244,0.99181,1,0.995,0.76963,0.68957,15.493,0.00264,0.0007,0.0007,0.0007
8,806.77,0.87091,14.3928,0.00265,0.99385,1,0.995,0.76247,0.82421,14.8449,0.00324,0.00065,0.00065,0.00065
9,962.777,0.8171,13.2622,0.00251,0.99389,1,0.995,0.76748,0.60205,14.093,0.00231,0.0006,0.0006,0.0006
10,1096.08,0.88509,13.0043,0.00243,0.99459,1,0.995,0.79657,0.83342,13.406,0.00324,0.00055,0.00055,0.00055
